{
  "personas":{
    "persona":[
      {
        "nombre":"Pepe",
        "altura":"1.72",
        "peso":"75",
        "aficion":[
          "Futbol",
          "Baloncesto",
          "Toros"
        ],
        "soltero":"true",
        "direccion":{
          "calle":"La mascletà",
          "numero":"44",
          "ciudad":"Valencia"
        }
      },
      {
        "nombre":"Juan",
        "altura":"1.69",
        "peso":"72",
        "aficion":[
          "Futbol",
          "Fotografía"
        ],
        "soltero":"false",
        "direccion":{
          "calle":"La Foguera",
          "numero":"78",
          "ciudad":"Alicante"
        }
      }
    ]
  }
}
